date,oil_rate_bpd
2025-01-15,10000
2025-02-15,9800
2025-03-15,9604
2025-04-15,9412
2025-05-15,9224
2025-06-15,9039
2025-07-15,8858
2025-08-15,8681
2025-09-15,8508
2025-10-15,8337
2025-11-15,8171
2025-12-15,8007
2026-01-15,7847
2026-02-15,7690
2026-03-15,7536
2026-04-15,7386
2026-05-15,7238
2026-06-15,7093
2026-07-15,6951
2026-08-15,6812
2026-09-15,6676
2026-10-15,6543
2026-11-15,6412
2026-12-15,6283
2027-01-15,6158
2027-02-15,6035
2027-03-15,5914
2027-04-15,5796
2027-05-15,5680
2027-06-15,5566
2027-07-15,5455
2027-08-15,5346
2027-09-15,5239
2027-10-15,5134
2027-11-15,5031
2027-12-15,4931
