well,month,oil
F-1,2024-01,1000.0000
F-1,2024-02,951.2294
F-1,2024-03,904.8374
F-1,2024-04,860.7080
F-1,2024-05,818.7308
F-1,2024-06,778.8008
F-1,2024-07,740.8182
F-1,2024-08,704.6881
F-1,2024-09,670.3200
F-1,2024-10,637.6282
F-1,2024-11,606.5307
F-1,2024-12,576.9498
F-1,2025-01,548.8116
F-1,2025-02,522.0458
F-1,2025-03,496.5853
F-1,2025-04,472.3666
F-1,2025-05,449.3290
F-1,2025-06,427.4149
F-1,2025-07,406.5697
F-1,2025-08,386.7410
F-1,2025-09,367.8794
F-1,2025-10,349.9377
F-1,2025-11,332.8711
F-1,2025-12,316.6368
F-1,2026-01,301.1942
F-1,2026-02,286.5048
F-1,2026-03,272.5318
F-1,2026-04,259.2403
F-1,2026-05,246.5970
F-1,2026-06,234.5703
F-1,2026-07,223.1302
F-1,2026-08,212.2480
F-1,2026-09,201.8965
F-1,2026-10,192.0499
F-1,2026-11,182.6835
F-1,2026-12,173.7739
