well,depth,GR,RHOB,PHI,SAND
W-1,1000,35.08,2.3295,0.194242,1
W-1,1002,27.24,2.4604,0.114909,1
W-1,1004,56.57,2.4144,0.142788,1
W-1,1006,70.74,2.2232,0.258667,0
W-1,1008,63.36,2.215,0.263636,0
W-1,1010,29.07,2.2279,0.255818,1
W-1,1012,102.69,2.3698,0.169818,0
W-1,1014,42.32,2.2495,0.242727,1
W-1,1016,114.77,2.451,0.120606,0
W-1,1018,59.67,2.4308,0.132848,1
W-1,1020,24.66,2.5905,0.036061,1
W-1,1022,48.96,2.5434,0.064606,1
W-1,1024,31.78,2.2577,0.237758,1
W-1,1026,101.61,2.3234,0.197939,0
W-1,1028,78.16,2.2723,0.228909,0
W-1,1030,57.24,2.4556,0.117818,1
W-1,1032,26.28,2.4191,0.139939,1
W-1,1034,40.6,2.2238,0.258303,1
W-1,1036,62.76,2.4722,0.107758,0
W-1,1038,78.56,2.3257,0.196545,0
W-1,1040,49.98,2.3813,0.162848,1
W-1,1042,89.9,2.5178,0.080121,0
W-1,1044,77.44,2.2976,0.213576,0
W-1,1046,107.51,2.4101,0.145394,0
W-1,1048,48.79,2.4918,0.095879,1
W-1,1050,31.81,2.5921,0.035091,1
W-1,1052,95.71,2.3672,0.171394,0
W-1,1054,68.9,2.2608,0.235879,0
W-1,1056,86.82,2.2157,0.263212,0
W-1,1058,77.3,2.5058,0.087394,0
W-2,1000,51.37,2.5502,0.060485,1
W-2,1002,79.44,2.4781,0.104182,0
W-2,1004,65.62,2.432,0.132121,0
W-2,1006,114.47,2.536,0.069091,0
W-2,1008,86.42,2.3896,0.157818,0
W-2,1010,90.15,2.2243,0.258000,0
W-2,1012,119.31,2.4589,0.115818,0
W-2,1014,48.46,2.5288,0.073455,1
W-2,1016,86.87,2.3543,0.179212,0
W-2,1018,66.17,2.209,0.267273,0
W-2,1020,31.71,2.2672,0.232000,1
W-2,1022,96.82,2.2236,0.258424,0
W-2,1024,44.76,2.2517,0.241394,1
W-2,1026,107.14,2.3564,0.177939,0
W-2,1028,64.92,2.2322,0.253212,0
W-2,1030,108.34,2.4198,0.139515,0
W-2,1032,106.4,2.5277,0.074121,0
W-2,1034,61.53,2.3114,0.205212,0
W-2,1036,108.42,2.3435,0.185758,0
W-2,1038,35.09,2.5831,0.040545,1
W-2,1040,43.2,2.2705,0.230000,1
W-2,1042,68.5,2.2933,0.216182,0
W-2,1044,46.27,2.4356,0.129939,1
W-2,1046,61.89,2.2016,0.271758,0
W-2,1048,76.63,2.3477,0.183212,0
W-2,1050,89.05,2.5812,0.041697,0
W-2,1052,81.76,2.4062,0.147758,0
W-2,1054,25.4,2.4705,0.108788,1
W-2,1056,98.0,2.5598,0.054667,0
W-2,1058,99.79,2.5498,0.060727,0
W-3,1000,59.9,2.357,0.177576,1
W-3,1002,83.43,2.2414,0.247636,0
W-3,1004,26.73,2.2249,0.257636,1
W-3,1006,36.23,2.2835,0.222121,1
W-3,1008,25.26,2.336,0.190303,1
W-3,1010,35.13,2.2001,0.272667,1
W-3,1012,56.36,2.2406,0.248121,1
W-3,1014,107.43,2.2102,0.266545,0
W-3,1016,34.86,2.4456,0.123879,1
W-3,1018,54.74,2.3009,0.211576,1
W-3,1020,32.28,2.3457,0.184424,1
W-3,1022,119.31,2.5396,0.066909,0
W-3,1024,68.38,2.3864,0.159758,0
W-3,1026,30.22,2.2344,0.251879,1
W-3,1028,46.48,2.3371,0.189636,1
W-3,1030,36.14,2.5315,0.071818,1
W-3,1032,115.1,2.2092,0.267152,0
W-3,1034,34.66,2.4113,0.144667,1
W-3,1036,22.7,2.4173,0.141030,1
W-3,1038,117.85,2.4112,0.144727,0
W-3,1040,89.62,2.5453,0.063455,0
W-3,1042,56.67,2.3044,0.209455,1
W-3,1044,97.19,2.2668,0.232242,0
W-3,1046,97.91,2.413,0.143636,0
W-3,1048,42.3,2.3319,0.192788,1
W-3,1050,118.49,2.5246,0.076000,0
W-3,1052,100.61,2.5411,0.066000,0
W-3,1054,93.99,2.5273,0.074364,0
W-3,1056,71.76,2.2907,0.217758,0
W-3,1058,22.9,2.3422,0.186545,1
W-4,1000,47.94,2.2112,0.265939,1
W-4,1002,89.25,2.3037,0.209879,0
W-4,1004,64.72,2.5826,0.040848,0
W-4,1006,118.8,2.5748,0.045576,0
W-4,1008,56.46,2.582,0.041212,1
W-4,1010,42.68,2.2882,0.219273,1
W-4,1012,40.44,2.2787,0.225030,1
W-4,1014,110.03,2.4496,0.121455,0
W-4,1016,67.95,2.5362,0.068970,0
W-4,1018,99.96,2.4612,0.114424,0
W-4,1020,86.06,2.2339,0.252182,0
W-4,1022,98.23,2.5639,0.052182,0
W-4,1024,67.8,2.5001,0.090848,0
W-4,1026,98.91,2.2714,0.229455,0
W-4,1028,100.08,2.333,0.192121,0
W-4,1030,59.58,2.5887,0.037152,1
W-4,1032,114.68,2.3606,0.175394,0
W-4,1034,37.0,2.4899,0.097030,1
W-4,1036,35.12,2.2508,0.241939,1
W-4,1038,100.65,2.5619,0.053394,0
W-4,1040,102.65,2.2585,0.237273,0
W-4,1042,85.73,2.5921,0.035091,0
W-4,1044,74.87,2.3402,0.187758,0
W-4,1046,21.42,2.2524,0.240970,1
W-4,1048,84.97,2.5884,0.037333,0
W-4,1050,113.36,2.4106,0.145091,0
W-4,1052,107.17,2.3735,0.167576,0
W-4,1054,41.1,2.5305,0.072424,1
W-4,1056,49.3,2.3007,0.211697,1
W-4,1058,78.64,2.2962,0.214424,0
