Remarks;Bod [m3/m3];Druck / Pressure [kPa];Rsd [m3/m3];Bg [m3/m3];Z;Oil density [kg/m3];Btd;Incremental gas gravity
Pb;1,600;18165,589;152,1039;;;656,2;1,600;
;1,554;16304,005;135,8961;0,00685;0,846;665,5;1,665;0,831
;1,515;14580,316;121,8256;0,00771;0,851;673,1;1,748;0,810
;1,479;12856,626;109,0019;0,00882;0,859;680,8;1,859;0,797
;1,445;11132,937;96,8905;0,01034;0,872;688,9;2,016;0,791
;1,412;9409,248;85,3135;0,01245;0,887;696,9;2,244;0,794
;1,382;7685,558;74,0928;0,01552;0,903;704,4;2,593;0,809
;1,351;5961,869;63,0501;0,02042;0,922;712,1;3,169;0,831
;1,320;4238,180;52,0074;0,02931;0,941;719,8;4,254;0,881
;1,283;2514,490;39,7180;0,05065;0,965;729,1;6,975;0,988
;1,244;1197,592;27,9629;0,10834;0,984;738,2;14,693;1,213
;1,075;101,325;0,0000;;;789,2;;2,039
