x;y;z
501000;6699200;-1664,00
501200;6699200;-1628,00
501400;6699200;-1600,00
501600;6699200;-1580,00
501800;6699200;-1568,00
502000;6699200;-1564,00
502200;6699200;-1568,00
502400;6699200;-1580,00
502600;6699200;-1600,00
502800;6699200;-1628,00
503000;6699200;-1664,00
501000;6699400;-1636,00
501200;6699400;-1600,00
501400;6699400;-1572,00
501600;6699400;-1552,00
501800;6699400;-1540,00
502000;6699400;-1536,00
502200;6699400;-1540,00
502400;6699400;-1552,00
502600;6699400;-1572,00
502800;6699400;-1600,00
503000;6699400;-1636,00
501000;6699600;-1616,00
501200;6699600;-1580,00
501400;6699600;-1552,00
501600;6699600;-1532,00
501800;6699600;-1520,00
502000;6699600;-1516,00
502200;6699600;-1520,00
502400;6699600;-1532,00
502600;6699600;-1552,00
502800;6699600;-1580,00
503000;6699600;-1616,00
501000;6699800;-1604,00
501200;6699800;-1568,00
501400;6699800;-1540,00
501600;6699800;-1520,00
501800;6699800;-1508,00
502000;6699800;-1504,00
502200;6699800;-1508,00
502400;6699800;-1520,00
502600;6699800;-1540,00
502800;6699800;-1568,00
503000;6699800;-1604,00
501000;6700000;-1600,00
501200;6700000;-1564,00
501400;6700000;-1536,00
501600;6700000;-1516,00
501800;6700000;-1504,00
502000;6700000;-1500,00
502200;6700000;-1504,00
502400;6700000;-1516,00
502600;6700000;-1536,00
502800;6700000;-1564,00
503000;6700000;-1600,00
501000;6700200;-1604,00
501200;6700200;-1568,00
501400;6700200;-1540,00
501600;6700200;-1520,00
501800;6700200;-1508,00
502000;6700200;-1504,00
502200;6700200;-1508,00
502400;6700200;-1520,00
502600;6700200;-1540,00
502800;6700200;-1568,00
503000;6700200;-1604,00
501000;6700400;-1616,00
501200;6700400;-1580,00
501400;6700400;-1552,00
501600;6700400;-1532,00
501800;6700400;-1520,00
502000;6700400;-1516,00
502200;6700400;-1520,00
502400;6700400;-1532,00
502600;6700400;-1552,00
502800;6700400;-1580,00
503000;6700400;-1616,00
501000;6700600;-1636,00
501200;6700600;-1600,00
501400;6700600;-1572,00
501600;6700600;-1552,00
501800;6700600;-1540,00
502000;6700600;-1536,00
502200;6700600;-1540,00
502400;6700600;-1552,00
502600;6700600;-1572,00
502800;6700600;-1600,00
503000;6700600;-1636,00
501000;6700800;-1664,00
501200;6700800;-1628,00
501400;6700800;-1600,00
501600;6700800;-1580,00
501800;6700800;-1568,00
502000;6700800;-1564,00
502200;6700800;-1568,00
502400;6700800;-1580,00
502600;6700800;-1600,00
502800;6700800;-1628,00
503000;6700800;-1664,00
