Depth (ft),Easting (m),Northing (m)
5459.32,501000,6699200
5341.21,501200,6699200
5249.34,501400,6699200
5183.73,501600,6699200
5144.36,501800,6699200
5131.23,502000,6699200
5144.36,502200,6699200
5183.73,502400,6699200
5249.34,502600,6699200
5341.21,502800,6699200
5459.32,503000,6699200
5367.45,501000,6699400
5249.34,501200,6699400
5157.48,501400,6699400
5091.86,501600,6699400
5052.49,501800,6699400
5039.37,502000,6699400
5052.49,502200,6699400
5091.86,502400,6699400
5157.48,502600,6699400
5249.34,502800,6699400
5367.45,503000,6699400
5301.84,501000,6699600
5183.73,501200,6699600
5091.86,501400,6699600
5026.25,501600,6699600
4986.88,501800,6699600
4973.75,502000,6699600
4986.88,502200,6699600
5026.25,502400,6699600
5091.86,502600,6699600
5183.73,502800,6699600
5301.84,503000,6699600
5262.47,501000,6699800
5144.36,501200,6699800
5052.49,501400,6699800
4986.88,501600,6699800
4947.51,501800,6699800
4934.38,502000,6699800
4947.51,502200,6699800
4986.88,502400,6699800
5052.49,502600,6699800
5144.36,502800,6699800
5262.47,503000,6699800
5249.34,501000,6700000
5131.23,501200,6700000
5039.37,501400,6700000
4973.75,501600,6700000
4934.38,501800,6700000
4921.26,502000,6700000
4934.38,502200,6700000
4973.75,502400,6700000
5039.37,502600,6700000
5131.23,502800,6700000
5249.34,503000,6700000
5262.47,501000,6700200
5144.36,501200,6700200
5052.49,501400,6700200
4986.88,501600,6700200
4947.51,501800,6700200
4934.38,502000,6700200
4947.51,502200,6700200
4986.88,502400,6700200
5052.49,502600,6700200
5144.36,502800,6700200
5262.47,503000,6700200
5301.84,501000,6700400
5183.73,501200,6700400
5091.86,501400,6700400
5026.25,501600,6700400
4986.88,501800,6700400
4973.75,502000,6700400
4986.88,502200,6700400
5026.25,502400,6700400
5091.86,502600,6700400
5183.73,502800,6700400
5301.84,503000,6700400
5367.45,501000,6700600
5249.34,501200,6700600
5157.48,501400,6700600
5091.86,501600,6700600
5052.49,501800,6700600
5039.37,502000,6700600
5052.49,502200,6700600
5091.86,502400,6700600
5157.48,502600,6700600
5249.34,502800,6700600
5367.45,503000,6700600
5459.32,501000,6700800
5341.21,501200,6700800
5249.34,501400,6700800
5183.73,501600,6700800
5144.36,501800,6700800
5131.23,502000,6700800
5144.36,502200,6700800
5183.73,502400,6700800
5249.34,502600,6700800
5341.21,502800,6700800
5459.32,503000,6700800
