Date;Well;Oil (bbl);Water (bbl);Gas (Mscf);Water Inj (bbl);Gas Inj (Mscf)
31/01/2025;P-1;31.000,00;6.200,00;18.600,00;0,00;0,00
31/01/2025;P-2;15.500,00;3.100,00;7.750,00;0,00;0,00
31/01/2025;I-1;0,00;0,00;0,00;55.800,00;0,00
31/01/2025;I-2;0,00;0,00;0,00;0,00;9.300,00
28/02/2025;P-1;28.000,00;5.600,00;16.800,00;0,00;0,00
28/02/2025;P-2;14.000,00;2.800,00;7.000,00;0,00;0,00
28/02/2025;I-1;0,00;0,00;0,00;50.400,00;0,00
28/02/2025;I-2;0,00;0,00;0,00;0,00;8.400,00
31/03/2025;P-1;31.000,00;6.200,00;18.600,00;0,00;0,00
31/03/2025;P-2;15.500,00;3.100,00;7.750,00;0,00;0,00
31/03/2025;I-1;0,00;0,00;0,00;55.800,00;0,00
31/03/2025;I-2;0,00;0,00;0,00;0,00;9.300,00
