date,well,Oil (sm3),Water (sm3),Gas (10^3 sm3),Water inj (m3),Gas inj (10^3 m3)
2025-01-01,P-1,4928.606143,985.721229,526.693347,0.000000,0.000000
2025-01-01,P-2,2464.303071,492.860614,219.455561,0.000000,0.000000
2025-01-01,I-1,0.000000,0.000000,0.000000,8871.491057,0.000000
2025-01-01,I-2,0.000000,0.000000,0.000000,0.000000,263.346673
2025-02-01,P-1,4451.644258,890.328852,475.723023,0.000000,0.000000
2025-02-01,P-2,2225.822129,445.164426,198.217926,0.000000,0.000000
2025-02-01,I-1,0.000000,0.000000,0.000000,8012.959664,0.000000
2025-02-01,I-2,0.000000,0.000000,0.000000,0.000000,237.861511
2025-03-01,P-1,4928.606143,985.721229,526.693347,0.000000,0.000000
2025-03-01,P-2,2464.303071,492.860614,219.455561,0.000000,0.000000
2025-03-01,I-1,0.000000,0.000000,0.000000,8871.491057,0.000000
2025-03-01,I-2,0.000000,0.000000,0.000000,0.000000,263.346673
