date,well,oil_bbl,water_bbl,gas_mscf,winj_bbl,ginj_mscf
2025-01-01,P-1,1000,200,600,0,0
2025-01-01,P-2,500,100,250,0,0
2025-01-01,I-1,0,0,0,1800,0
2025-01-01,I-2,0,0,0,0,300
2025-01-02,P-1,1000,200,600,0,0
2025-01-02,P-2,500,100,250,0,0
2025-01-02,I-1,0,0,0,1800,0
2025-01-02,I-2,0,0,0,0,300
2025-01-03,P-1,1000,200,600,0,0
2025-01-03,P-2,500,100,250,0,0
2025-01-03,I-1,0,0,0,1800,0
2025-01-03,I-2,0,0,0,0,300
2025-01-04,P-1,1000,200,600,0,0
2025-01-04,P-2,500,100,250,0,0
2025-01-04,I-1,0,0,0,1800,0
2025-01-04,I-2,0,0,0,0,300
2025-01-05,P-1,1000,200,600,0,0
2025-01-05,P-2,500,100,250,0,0
2025-01-05,I-1,0,0,0,1800,0
2025-01-05,I-2,0,0,0,0,300
2025-01-06,P-1,1000,200,600,0,0
2025-01-06,P-2,500,100,250,0,0
2025-01-06,I-1,0,0,0,1800,0
2025-01-06,I-2,0,0,0,0,300
2025-01-07,P-1,1000,200,600,0,0
2025-01-07,P-2,500,100,250,0,0
2025-01-07,I-1,0,0,0,1800,0
2025-01-07,I-2,0,0,0,0,300
2025-01-08,P-1,1000,200,600,0,0
2025-01-08,P-2,500,100,250,0,0
2025-01-08,I-1,0,0,0,1800,0
2025-01-08,I-2,0,0,0,0,300
2025-01-09,P-1,1000,200,600,0,0
2025-01-09,P-2,500,100,250,0,0
2025-01-09,I-1,0,0,0,1800,0
2025-01-09,I-2,0,0,0,0,300
2025-01-10,P-1,1000,200,600,0,0
2025-01-10,P-2,500,100,250,0,0
2025-01-10,I-1,0,0,0,1800,0
2025-01-10,I-2,0,0,0,0,300
2025-01-11,P-1,1000,200,600,0,0
2025-01-11,P-2,500,100,250,0,0
2025-01-11,I-1,0,0,0,1800,0
2025-01-11,I-2,0,0,0,0,300
2025-01-12,P-1,1000,200,600,0,0
2025-01-12,P-2,500,100,250,0,0
2025-01-12,I-1,0,0,0,1800,0
2025-01-12,I-2,0,0,0,0,300
2025-01-13,P-1,1000,200,600,0,0
2025-01-13,P-2,500,100,250,0,0
2025-01-13,I-1,0,0,0,1800,0
2025-01-13,I-2,0,0,0,0,300
2025-01-14,P-1,1000,200,600,0,0
2025-01-14,P-2,500,100,250,0,0
2025-01-14,I-1,0,0,0,1800,0
2025-01-14,I-2,0,0,0,0,300
2025-01-15,P-1,1000,200,600,0,0
2025-01-15,P-2,500,100,250,0,0
2025-01-15,I-1,0,0,0,1800,0
2025-01-15,I-2,0,0,0,0,300
2025-01-16,P-1,1000,200,600,0,0
2025-01-16,P-2,500,100,250,0,0
2025-01-16,I-1,0,0,0,1800,0
2025-01-16,I-2,0,0,0,0,300
2025-01-17,P-1,1000,200,600,0,0
2025-01-17,P-2,500,100,250,0,0
2025-01-17,I-1,0,0,0,1800,0
2025-01-17,I-2,0,0,0,0,300
2025-01-18,P-1,1000,200,600,0,0
2025-01-18,P-2,500,100,250,0,0
2025-01-18,I-1,0,0,0,1800,0
2025-01-18,I-2,0,0,0,0,300
2025-01-19,P-1,1000,200,600,0,0
2025-01-19,P-2,500,100,250,0,0
2025-01-19,I-1,0,0,0,1800,0
2025-01-19,I-2,0,0,0,0,300
2025-01-20,P-1,1000,200,600,0,0
2025-01-20,P-2,500,100,250,0,0
2025-01-20,I-1,0,0,0,1800,0
2025-01-20,I-2,0,0,0,0,300
2025-01-21,P-1,1000,200,600,0,0
2025-01-21,P-2,500,100,250,0,0
2025-01-21,I-1,0,0,0,1800,0
2025-01-21,I-2,0,0,0,0,300
2025-01-22,P-1,1000,200,600,0,0
2025-01-22,P-2,500,100,250,0,0
2025-01-22,I-1,0,0,0,1800,0
2025-01-22,I-2,0,0,0,0,300
2025-01-23,P-1,1000,200,600,0,0
2025-01-23,P-2,500,100,250,0,0
2025-01-23,I-1,0,0,0,1800,0
2025-01-23,I-2,0,0,0,0,300
2025-01-24,P-1,1000,200,600,0,0
2025-01-24,P-2,500,100,250,0,0
2025-01-24,I-1,0,0,0,1800,0
2025-01-24,I-2,0,0,0,0,300
2025-01-25,P-1,1000,200,600,0,0
2025-01-25,P-2,500,100,250,0,0
2025-01-25,I-1,0,0,0,1800,0
2025-01-25,I-2,0,0,0,0,300
2025-01-26,P-1,1000,200,600,0,0
2025-01-26,P-2,500,100,250,0,0
2025-01-26,I-1,0,0,0,1800,0
2025-01-26,I-2,0,0,0,0,300
2025-01-27,P-1,1000,200,600,0,0
2025-01-27,P-2,500,100,250,0,0
2025-01-27,I-1,0,0,0,1800,0
2025-01-27,I-2,0,0,0,0,300
2025-01-28,P-1,1000,200,600,0,0
2025-01-28,P-2,500,100,250,0,0
2025-01-28,I-1,0,0,0,1800,0
2025-01-28,I-2,0,0,0,0,300
2025-01-29,P-1,1000,200,600,0,0
2025-01-29,P-2,500,100,250,0,0
2025-01-29,I-1,0,0,0,1800,0
2025-01-29,I-2,0,0,0,0,300
2025-01-30,P-1,1000,200,600,0,0
2025-01-30,P-2,500,100,250,0,0
2025-01-30,I-1,0,0,0,1800,0
2025-01-30,I-2,0,0,0,0,300
2025-01-31,P-1,1000,200,600,0,0
2025-01-31,P-2,500,100,250,0,0
2025-01-31,I-1,0,0,0,1800,0
2025-01-31,I-2,0,0,0,0,300
2025-02-01,P-1,1000,200,600,0,0
2025-02-01,P-2,500,100,250,0,0
2025-02-01,I-1,0,0,0,1800,0
2025-02-01,I-2,0,0,0,0,300
2025-02-02,P-1,1000,200,600,0,0
2025-02-02,P-2,500,100,250,0,0
2025-02-02,I-1,0,0,0,1800,0
2025-02-02,I-2,0,0,0,0,300
2025-02-03,P-1,1000,200,600,0,0
2025-02-03,P-2,500,100,250,0,0
2025-02-03,I-1,0,0,0,1800,0
2025-02-03,I-2,0,0,0,0,300
2025-02-04,P-1,1000,200,600,0,0
2025-02-04,P-2,500,100,250,0,0
2025-02-04,I-1,0,0,0,1800,0
2025-02-04,I-2,0,0,0,0,300
2025-02-05,P-1,1000,200,600,0,0
2025-02-05,P-2,500,100,250,0,0
2025-02-05,I-1,0,0,0,1800,0
2025-02-05,I-2,0,0,0,0,300
2025-02-06,P-1,1000,200,600,0,0
2025-02-06,P-2,500,100,250,0,0
2025-02-06,I-1,0,0,0,1800,0
2025-02-06,I-2,0,0,0,0,300
2025-02-07,P-1,1000,200,600,0,0
2025-02-07,P-2,500,100,250,0,0
2025-02-07,I-1,0,0,0,1800,0
2025-02-07,I-2,0,0,0,0,300
2025-02-08,P-1,1000,200,600,0,0
2025-02-08,P-2,500,100,250,0,0
2025-02-08,I-1,0,0,0,1800,0
2025-02-08,I-2,0,0,0,0,300
2025-02-09,P-1,1000,200,600,0,0
2025-02-09,P-2,500,100,250,0,0
2025-02-09,I-1,0,0,0,1800,0
2025-02-09,I-2,0,0,0,0,300
2025-02-10,P-1,1000,200,600,0,0
2025-02-10,P-2,500,100,250,0,0
2025-02-10,I-1,0,0,0,1800,0
2025-02-10,I-2,0,0,0,0,300
2025-02-11,P-1,1000,200,600,0,0
2025-02-11,P-2,500,100,250,0,0
2025-02-11,I-1,0,0,0,1800,0
2025-02-11,I-2,0,0,0,0,300
2025-02-12,P-1,1000,200,600,0,0
2025-02-12,P-2,500,100,250,0,0
2025-02-12,I-1,0,0,0,1800,0
2025-02-12,I-2,0,0,0,0,300
2025-02-13,P-1,1000,200,600,0,0
2025-02-13,P-2,500,100,250,0,0
2025-02-13,I-1,0,0,0,1800,0
2025-02-13,I-2,0,0,0,0,300
2025-02-14,P-1,1000,200,600,0,0
2025-02-14,P-2,500,100,250,0,0
2025-02-14,I-1,0,0,0,1800,0
2025-02-14,I-2,0,0,0,0,300
2025-02-15,P-1,1000,200,600,0,0
2025-02-15,P-2,500,100,250,0,0
2025-02-15,I-1,0,0,0,1800,0
2025-02-15,I-2,0,0,0,0,300
2025-02-16,P-1,1000,200,600,0,0
2025-02-16,P-2,500,100,250,0,0
2025-02-16,I-1,0,0,0,1800,0
2025-02-16,I-2,0,0,0,0,300
2025-02-17,P-1,1000,200,600,0,0
2025-02-17,P-2,500,100,250,0,0
2025-02-17,I-1,0,0,0,1800,0
2025-02-17,I-2,0,0,0,0,300
2025-02-18,P-1,1000,200,600,0,0
2025-02-18,P-2,500,100,250,0,0
2025-02-18,I-1,0,0,0,1800,0
2025-02-18,I-2,0,0,0,0,300
2025-02-19,P-1,1000,200,600,0,0
2025-02-19,P-2,500,100,250,0,0
2025-02-19,I-1,0,0,0,1800,0
2025-02-19,I-2,0,0,0,0,300
2025-02-20,P-1,1000,200,600,0,0
2025-02-20,P-2,500,100,250,0,0
2025-02-20,I-1,0,0,0,1800,0
2025-02-20,I-2,0,0,0,0,300
2025-02-21,P-1,1000,200,600,0,0
2025-02-21,P-2,500,100,250,0,0
2025-02-21,I-1,0,0,0,1800,0
2025-02-21,I-2,0,0,0,0,300
2025-02-22,P-1,1000,200,600,0,0
2025-02-22,P-2,500,100,250,0,0
2025-02-22,I-1,0,0,0,1800,0
2025-02-22,I-2,0,0,0,0,300
2025-02-23,P-1,1000,200,600,0,0
2025-02-23,P-2,500,100,250,0,0
2025-02-23,I-1,0,0,0,1800,0
2025-02-23,I-2,0,0,0,0,300
2025-02-24,P-1,1000,200,600,0,0
2025-02-24,P-2,500,100,250,0,0
2025-02-24,I-1,0,0,0,1800,0
2025-02-24,I-2,0,0,0,0,300
2025-02-25,P-1,1000,200,600,0,0
2025-02-25,P-2,500,100,250,0,0
2025-02-25,I-1,0,0,0,1800,0
2025-02-25,I-2,0,0,0,0,300
2025-02-26,P-1,1000,200,600,0,0
2025-02-26,P-2,500,100,250,0,0
2025-02-26,I-1,0,0,0,1800,0
2025-02-26,I-2,0,0,0,0,300
2025-02-27,P-1,1000,200,600,0,0
2025-02-27,P-2,500,100,250,0,0
2025-02-27,I-1,0,0,0,1800,0
2025-02-27,I-2,0,0,0,0,300
2025-02-28,P-1,1000,200,600,0,0
2025-02-28,P-2,500,100,250,0,0
2025-02-28,I-1,0,0,0,1800,0
2025-02-28,I-2,0,0,0,0,300
2025-03-01,P-1,1000,200,600,0,0
2025-03-01,P-2,500,100,250,0,0
2025-03-01,I-1,0,0,0,1800,0
2025-03-01,I-2,0,0,0,0,300
2025-03-02,P-1,1000,200,600,0,0
2025-03-02,P-2,500,100,250,0,0
2025-03-02,I-1,0,0,0,1800,0
2025-03-02,I-2,0,0,0,0,300
2025-03-03,P-1,1000,200,600,0,0
2025-03-03,P-2,500,100,250,0,0
2025-03-03,I-1,0,0,0,1800,0
2025-03-03,I-2,0,0,0,0,300
2025-03-04,P-1,1000,200,600,0,0
2025-03-04,P-2,500,100,250,0,0
2025-03-04,I-1,0,0,0,1800,0
2025-03-04,I-2,0,0,0,0,300
2025-03-05,P-1,1000,200,600,0,0
2025-03-05,P-2,500,100,250,0,0
2025-03-05,I-1,0,0,0,1800,0
2025-03-05,I-2,0,0,0,0,300
2025-03-06,P-1,1000,200,600,0,0
2025-03-06,P-2,500,100,250,0,0
2025-03-06,I-1,0,0,0,1800,0
2025-03-06,I-2,0,0,0,0,300
2025-03-07,P-1,1000,200,600,0,0
2025-03-07,P-2,500,100,250,0,0
2025-03-07,I-1,0,0,0,1800,0
2025-03-07,I-2,0,0,0,0,300
2025-03-08,P-1,1000,200,600,0,0
2025-03-08,P-2,500,100,250,0,0
2025-03-08,I-1,0,0,0,1800,0
2025-03-08,I-2,0,0,0,0,300
2025-03-09,P-1,1000,200,600,0,0
2025-03-09,P-2,500,100,250,0,0
2025-03-09,I-1,0,0,0,1800,0
2025-03-09,I-2,0,0,0,0,300
2025-03-10,P-1,1000,200,600,0,0
2025-03-10,P-2,500,100,250,0,0
2025-03-10,I-1,0,0,0,1800,0
2025-03-10,I-2,0,0,0,0,300
2025-03-11,P-1,1000,200,600,0,0
2025-03-11,P-2,500,100,250,0,0
2025-03-11,I-1,0,0,0,1800,0
2025-03-11,I-2,0,0,0,0,300
2025-03-12,P-1,1000,200,600,0,0
2025-03-12,P-2,500,100,250,0,0
2025-03-12,I-1,0,0,0,1800,0
2025-03-12,I-2,0,0,0,0,300
2025-03-13,P-1,1000,200,600,0,0
2025-03-13,P-2,500,100,250,0,0
2025-03-13,I-1,0,0,0,1800,0
2025-03-13,I-2,0,0,0,0,300
2025-03-14,P-1,1000,200,600,0,0
2025-03-14,P-2,500,100,250,0,0
2025-03-14,I-1,0,0,0,1800,0
2025-03-14,I-2,0,0,0,0,300
2025-03-15,P-1,1000,200,600,0,0
2025-03-15,P-2,500,100,250,0,0
2025-03-15,I-1,0,0,0,1800,0
2025-03-15,I-2,0,0,0,0,300
2025-03-16,P-1,1000,200,600,0,0
2025-03-16,P-2,500,100,250,0,0
2025-03-16,I-1,0,0,0,1800,0
2025-03-16,I-2,0,0,0,0,300
2025-03-17,P-1,1000,200,600,0,0
2025-03-17,P-2,500,100,250,0,0
2025-03-17,I-1,0,0,0,1800,0
2025-03-17,I-2,0,0,0,0,300
2025-03-18,P-1,1000,200,600,0,0
2025-03-18,P-2,500,100,250,0,0
2025-03-18,I-1,0,0,0,1800,0
2025-03-18,I-2,0,0,0,0,300
2025-03-19,P-1,1000,200,600,0,0
2025-03-19,P-2,500,100,250,0,0
2025-03-19,I-1,0,0,0,1800,0
2025-03-19,I-2,0,0,0,0,300
2025-03-20,P-1,1000,200,600,0,0
2025-03-20,P-2,500,100,250,0,0
2025-03-20,I-1,0,0,0,1800,0
2025-03-20,I-2,0,0,0,0,300
2025-03-21,P-1,1000,200,600,0,0
2025-03-21,P-2,500,100,250,0,0
2025-03-21,I-1,0,0,0,1800,0
2025-03-21,I-2,0,0,0,0,300
2025-03-22,P-1,1000,200,600,0,0
2025-03-22,P-2,500,100,250,0,0
2025-03-22,I-1,0,0,0,1800,0
2025-03-22,I-2,0,0,0,0,300
2025-03-23,P-1,1000,200,600,0,0
2025-03-23,P-2,500,100,250,0,0
2025-03-23,I-1,0,0,0,1800,0
2025-03-23,I-2,0,0,0,0,300
2025-03-24,P-1,1000,200,600,0,0
2025-03-24,P-2,500,100,250,0,0
2025-03-24,I-1,0,0,0,1800,0
2025-03-24,I-2,0,0,0,0,300
2025-03-25,P-1,1000,200,600,0,0
2025-03-25,P-2,500,100,250,0,0
2025-03-25,I-1,0,0,0,1800,0
2025-03-25,I-2,0,0,0,0,300
2025-03-26,P-1,1000,200,600,0,0
2025-03-26,P-2,500,100,250,0,0
2025-03-26,I-1,0,0,0,1800,0
2025-03-26,I-2,0,0,0,0,300
2025-03-27,P-1,1000,200,600,0,0
2025-03-27,P-2,500,100,250,0,0
2025-03-27,I-1,0,0,0,1800,0
2025-03-27,I-2,0,0,0,0,300
2025-03-28,P-1,1000,200,600,0,0
2025-03-28,P-2,500,100,250,0,0
2025-03-28,I-1,0,0,0,1800,0
2025-03-28,I-2,0,0,0,0,300
2025-03-29,P-1,1000,200,600,0,0
2025-03-29,P-2,500,100,250,0,0
2025-03-29,I-1,0,0,0,1800,0
2025-03-29,I-2,0,0,0,0,300
2025-03-30,P-1,1000,200,600,0,0
2025-03-30,P-2,500,100,250,0,0
2025-03-30,I-1,0,0,0,1800,0
2025-03-30,I-2,0,0,0,0,300
2025-03-31,P-1,1000,200,600,0,0
2025-03-31,P-2,500,100,250,0,0
2025-03-31,I-1,0,0,0,1800,0
2025-03-31,I-2,0,0,0,0,300
