date,well,oil_stb,water_stb,gas_mscf,winj_stb,ginj_mscf
2025-01-01,P-1,31000,0,0,0,0
2025-01-01,P-1,0,6200,18600,0,0
2025-01-01,P-2,15500,3100,7750,0,0
2025-01-01,I-1,0,0,0,55800,0
2025-01-01,I-2,0,0,0,0,9300
2025-02-01,P-1,28000,0,0,0,0
2025-02-01,P-1,0,5600,16800,0,0
2025-02-01,P-2,14000,2800,7000,0,0
2025-02-01,I-1,0,0,0,50400,0
2025-02-01,I-2,0,0,0,0,8400
2025-03-01,P-1,31000,0,0,0,0
2025-03-01,P-1,0,6200,18600,0,0
2025-03-01,P-2,15500,3100,7750,0,0
2025-03-01,I-1,0,0,0,55800,0
2025-03-01,I-2,0,0,0,0,9300
2025-03-01,P-2,999,0,0,0,0
2025-04-01,P-9,-50,0,0,0,0
