Date Time;Hole Depth [m];Bit Depth [m];ROP [m/hr];WOB [t];RPM [rpm];SPM;SPP [bar];Flow In [L/min];MW In [sg];Total Gas [ppm]
07/09/2026 06:00;3000,0;3000,0;12,5;14,2;130;62;215,5;2450;1,26;3500
07/09/2026 06:15;3001,5;3001,5;12,8;14,2;130;62;215,5;2450;1,26;3750
07/09/2026 06:30;3003,0;3003,0;13,1;14,2;130;62;215,5;2450;1,26;4000
07/09/2026 06:45;3004,5;3004,5;13,4;14,2;130;62;215,5;2450;1,26;4250
07/09/2026 07:00;3006,0;3006,0;13,7;14,2;130;62;215,5;2450;1,26;4500
07/09/2026 07:15;3007,5;3007,5;14,0;14,2;130;62;215,5;2450;1,26;4750
07/09/2026 07:30;3009,0;3000,0;14,3;14,2;130;0;215,5;2450;1,26;5000
07/09/2026 07:45;3010,5;3001,5;14,6;14,2;130;0;215,5;2450;1,26;5250
07/09/2026 08:00;3012,0;3012,0;14,9;14,2;130;62;215,5;2450;1,26;5500
07/09/2026 08:15;3013,5;3013,5;15,2;14,2;130;62;215,5;2450;1,26;5750
07/09/2026 08:30;3015,0;3015,0;15,5;14,2;130;62;215,5;2450;1,26;6000
07/09/2026 08:45;3016,5;3016,5;15,8;14,2;130;62;215,5;2450;1,26;6250
07/09/2026 09:00;3018,0;3018,0;16,1;14,2;130;62;215,5;2450;1,26;6500
07/09/2026 09:15;3019,5;3019,5;16,4;14,2;130;62;215,5;2450;1,26;6750
07/09/2026 09:30;3021,0;3021,0;16,7;14,2;130;62;215,5;2450;1,26;7000
07/09/2026 09:45;3022,5;3022,5;17,0;14,2;130;62;215,5;2450;1,26;7250
