Sample No,Lith,ROP (ft/hr),Depth (ft),MW In (ppg),WOB (klb),RPM,SPP (psi),Flow In (gpm),Total Gas (%),Remarks
1,Sh,55,9800,9.60,28.0,120,3250,640,0.80,note 0
2,Sh,57,9810,9.61,28.5,120,3255,640,0.90,note 1
3,Sh,59,9820,9.62,29.0,120,3260,640,1.00,note 2
4,Sh,61,9830,9.63,29.5,120,3265,640,1.10,note 3
5,Sh,63,9840,9.64,30.0,120,3270,640,1.20,note 4
6,Sh,65,9850,9.65,30.5,120,3275,640,1.30,note 5
7,Sh,67,9860,9.66,31.0,120,3280,640,1.40,note 6
8,Sh,69,9870,9.67,31.5,120,3285,640,1.50,note 7
9,Sh,71,9880,9.68,32.0,120,3290,640,1.60,note 8
10,Sh,73,9890,9.69,32.5,120,3295,640,1.70,note 9
11,Sh,75,9900,9.70,33.0,120,3300,640,1.80,note 10
12,Sh,77,9910,9.71,33.5,120,3305,640,1.90,note 11
