date,oil_rate_bopd,gas_rate_mscfd,water_rate_bwpd
2020-01-01,120.000000,48.000000,0
2020-02-01,115.618010,46.247204,0
2020-03-01,111.663707,44.665483,0
2020-04-01,107.586131,43.034452,0
2020-05-01,103.781917,41.512767,0
2020-06-01,99.992156,39.996862,0
2020-07-01,96.456463,38.582585,0
2020-08-01,92.934203,37.173681,0
2020-09-01,89.540563,35.816225,0
2020-10-01,86.374435,34.549774,0
2020-11-01,83.220336,33.288134,0
2020-12-01,80.277689,32.111076,0
2021-01-01,77.346223,30.938489,0
2021-02-01,74.521803,29.808721,0
2021-03-01,72.059469,28.823788,0
2021-04-01,69.428104,27.771242,0
2021-05-01,66.973147,26.789259,0
2021-06-01,64.527516,25.811007,0
2021-07-01,62.245842,24.898337,0
2021-08-01,59.972837,23.989135,0
2021-09-01,57.782834,23.113134,0
2021-10-01,55.739650,22.295860,0
2021-11-01,53.704229,21.481691,0
2021-12-01,51.805263,20.722105,0
2022-01-01,49.913512,19.965405,0
2022-02-01,48.090841,19.236336,0
2022-03-01,46.501834,18.600733,0
2022-04-01,44.803746,17.921498,0
2022-05-01,43.219498,17.287799,0
2022-06-01,41.641270,16.656508,0
2022-07-01,40.168847,16.067539,0
2022-08-01,38.702018,15.480807,0
2022-09-01,37.288753,14.915501,0
2022-10-01,35.970233,14.388093,0
2022-11-01,34.656723,13.862689,0
2022-12-01,33.431272,13.372509,0
