Gas (Mscf/d);Water (bbl/d);Date;Oil (bbl/d)
48,0000;0;2020-01-01;120,0000
46,2472;0;2020-02-01;115,6180
44,6655;0;2020-03-01;111,6637
43,0345;0;2020-04-01;107,5861
41,5128;0;2020-05-01;103,7819
39,9969;0;2020-06-01;99,9922
38,5826;0;2020-07-01;96,4565
37,1737;0;2020-08-01;92,9342
35,8162;0;2020-09-01;89,5406
34,5498;0;2020-10-01;86,3744
33,2881;0;2020-11-01;83,2203
32,1111;0;2020-12-01;80,2777
30,9385;0;2021-01-01;77,3462
29,8087;0;2021-02-01;74,5218
28,8238;0;2021-03-01;72,0595
27,7712;0;2021-04-01;69,4281
26,7893;0;2021-05-01;66,9731
25,8110;0;2021-06-01;64,5275
24,8983;0;2021-07-01;62,2458
23,9891;0;2021-08-01;59,9728
23,1131;0;2021-09-01;57,7828
22,2959;0;2021-10-01;55,7396
21,4817;0;2021-11-01;53,7042
20,7221;0;2021-12-01;51,8053
19,9654;0;2022-01-01;49,9135
19,2363;0;2022-02-01;48,0908
18,6007;0;2022-03-01;46,5018
17,9215;0;2022-04-01;44,8037
17,2878;0;2022-05-01;43,2195
16,6565;0;2022-06-01;41,6413
16,0675;0;2022-07-01;40,1688
15,4808;0;2022-08-01;38,7020
14,9155;0;2022-09-01;37,2888
14,3881;0;2022-10-01;35,9702
13,8627;0;2022-11-01;34,6567
13,3725;0;2022-12-01;33,4313
