Date,Oil rate (bopd)
15/01/2020,120.0000
15/02/2020,115.6180
15/03/2020,111.6637
15/04/2020,107.5861
15/05/2020,103.7819
15/06/2020,99.9922
15/07/2020,96.4565
15/08/2020,92.9342
15/09/2020,89.5406
15/10/2020,86.3744
15/11/2020,83.2203
15/12/2020,80.2777
15/01/2021,77.3462
15/02/2021,74.5218
15/03/2021,72.0595
15/04/2021,69.4281
15/05/2021,66.9731
15/06/2021,64.5275
15/07/2021,62.2458
15/08/2021,59.9728
15/09/2021,57.7828
15/10/2021,55.7396
15/11/2021,53.7042
15/12/2021,51.8053
15/01/2022,49.9135
15/02/2022,48.0908
15/03/2022,46.5018
15/04/2022,44.8037
15/05/2022,43.2195
15/06/2022,41.6413
15/07/2022,40.1688
15/08/2022,38.7020
15/09/2022,37.2888
15/10/2022,35.9702
15/11/2022,34.6567
15/12/2022,33.4313
