date,oil_bbl_per_month,gas_mscf_per_month
2020-01-01,3720.0000,1488.0000
2020-02-01,3352.9223,1341.1689
2020-03-01,3461.5749,1384.6300
2020-04-01,3227.5839,1291.0336
2020-05-01,3217.2394,1286.8958
2020-06-01,2999.7647,1199.9059
2020-07-01,2990.1503,1196.0601
2020-08-01,2880.9603,1152.3841
2020-09-01,2686.2169,1074.4868
2020-10-01,2677.6075,1071.0430
2020-11-01,2496.6101,998.6440
2020-12-01,2488.6084,995.4433
2021-01-01,2397.7329,959.0932
2021-02-01,2086.6105,834.6442
2021-03-01,2233.8436,893.5374
2021-04-01,2082.8431,833.1372
2021-05-01,2076.1675,830.4670
2021-06-01,1935.8255,774.3302
2021-07-01,1929.6211,771.8484
2021-08-01,1859.1579,743.6632
2021-09-01,1733.4850,693.3940
2021-10-01,1727.9291,691.1717
2021-11-01,1611.1269,644.4507
2021-12-01,1605.9631,642.3853
2022-01-01,1547.3189,618.9275
2022-02-01,1346.5435,538.6174
2022-03-01,1441.5568,576.6227
2022-04-01,1344.1124,537.6449
2022-05-01,1339.8044,535.9218
2022-06-01,1249.2381,499.6952
2022-07-01,1245.2343,498.0937
2022-08-01,1199.7626,479.9050
2022-09-01,1118.6626,447.4650
2022-10-01,1115.0772,446.0309
2022-11-01,1039.7017,415.8807
2022-12-01,1036.3694,414.5478
