date,oil_bbl
2020-01-01,3720.0000
2020-02-01,3352.9223
2020-03-01,3461.5749
2020-04-01,3227.5839
2020-05-01,3217.2394
2020-06-01,2999.7647
2020-07-01,2990.1503
2020-08-01,2880.9603
2020-09-01,2686.2169
2020-10-01,2677.6075
2020-11-01,2496.6101
2020-12-01,2488.6084
2021-01-01,2397.7329
2021-02-01,2086.6105
2021-03-01,2233.8436
2021-04-01,2082.8431
2021-05-01,2076.1675
2021-06-01,1935.8255
2021-07-01,1929.6211
2021-08-01,1859.1579
2021-09-01,1733.4850
2021-10-01,1727.9291
2021-11-01,1611.1269
2021-12-01,1605.9631
2022-01-01,1547.3189
2022-02-01,1346.5435
2022-03-01,1441.5568
2022-04-01,1344.1124
2022-05-01,1339.8044
2022-06-01,1249.2381
2022-07-01,1245.2343
2022-08-01,1199.7626
2022-09-01,1118.6626
2022-10-01,1115.0772
2022-11-01,1039.7017
2022-12-01,1036.3694
