Date,Oil (m3/d),Gas (10^3 m3/d)
2020-01-01,19.07847539,1.35920864
2020-02-01,18.38179471,1.30957498
2020-03-01,17.75311080,1.26478563
2020-04-01,17.10482790,1.21859998
2020-05-01,16.50000620,1.17551065
2020-06-01,15.89748239,1.13258502
2020-07-01,15.33535208,1.09253714
2020-08-01,14.77535746,1.05264142
2020-09-01,14.23581193,1.01420256
2020-10-01,13.73243780,0.97834065
2020-11-01,13.23097613,0.94261500
2020-12-01,12.76313269,0.90928441
2021-01-01,12.29706673,0.87608045
2021-02-01,11.84801990,0.84408899
2021-03-01,11.45654012,0.81619878
2021-04-01,11.03818645,0.78639399
2021-05-01,10.64787942,0.75858733
2021-06-01,10.25905527,0.73088631
2021-07-01,9.89629809,0.70504239
2021-08-01,9.53491912,0.67929665
2021-09-01,9.18673648,0.65449106
2021-10-01,8.86189617,0.63134845
2021-11-01,8.53829003,0.60829376
2021-12-01,8.23637860,0.58678467
2022-01-01,7.93561421,0.56535730
2022-02-01,7.64583272,0.54471239
2022-03-01,7.39320072,0.52671411
2022-04-01,7.12322631,0.50748032
2022-05-01,6.87135112,0.48953596
2022-06-01,6.62043287,0.47165978
2022-07-01,6.38633631,0.45498203
2022-08-01,6.15312915,0.43836764
2022-09-01,5.92843791,0.42235995
2022-10-01,5.71881009,0.40742543
2022-11-01,5.50997870,0.39254765
2022-12-01,5.31514747,0.37866728
