well,date,oil_rate_bopd
Ekene-1,2020-01-01,120.0000
Ekene-1,2020-02-01,115.6180
Ekene-1,2020-03-01,111.6637
Ekene-1,2020-04-01,107.5861
Ekene-1,2020-05-01,103.7819
Ekene-1,2020-06-01,99.9922
Ekene-1,2020-07-01,96.4565
Ekene-1,2020-08-01,92.9342
Ekene-1,2020-09-01,89.5406
Ekene-1,2020-10-01,86.3744
Ekene-1,2020-11-01,83.2203
Ekene-1,2020-12-01,80.2777
Ekene-3,2020-01-01,96.0000
Ekene-3,2020-02-01,92.4944
Ekene-3,2020-03-01,89.3310
Ekene-3,2020-04-01,86.0689
Ekene-3,2020-05-01,83.0255
Ekene-3,2020-06-01,79.9937
Ekene-3,2020-07-01,77.1652
Ekene-3,2020-08-01,74.3474
Ekene-3,2020-09-01,71.6325
Ekene-3,2020-10-01,69.0995
Ekene-3,2020-11-01,66.5763
Ekene-3,2020-12-01,64.2222
