Well,Bo [RB/STB],Cum Water Prod {MSTB},Comment,Cum Oil (MSTB),Reservoir Pressure (psia),Survey Date,Cum Gas (MMscf),Rs (scf/STB),Bw (RB/STB)
VH-1,1.3102,0.000,initial,0.000,3685,2010-01-01,0.0000,500,1
VH-2,1.3104,0.000,static survey,20.481,3680,2011-01-01,10.2405,500,1
VH-3,1.3104,0.000,static survey,34.750,3676,2012-01-01,17.3750,500,1
VH-1,1.3105,0.000,static survey,78.557,3667,2013-01-01,39.2785,500,1
VH-2,1.3105,0.000,static survey,101.846,3664,2014-01-01,50.9230,500,1
VH-3,1.3109,0.000,static survey,215.681,3640,2015-01-01,107.8405,500,1
VH-1,1.3116,0.000,static survey,364.613,3605,2016-01-01,182.3065,500,1
VH-2,1.3122,0.159,static survey,542.985,3567,2017-01-01,271.4925,500,1
VH-3,1.3128,0.805,static survey,841.591,3515,2018-01-01,420.7955,500,1
VH-1,1.313,2.579,static survey,1273.530,3448,2019-01-01,636.7650,500,1
VH-2,1.315,5.008,static survey,1691.887,3360,2020-01-01,845.9435,500,1
VH-3,1.316,6.500,static survey,2127.077,3275,2021-01-01,1063.5385,500,1
VH-1,1.317,8.000,static survey,2575.330,3188,2022-01-01,1287.6650,500,1
