Date,Pressure (kPag),Np (10^3 sm3),Gp (10^6 sm3),Wp (sm3),Bo (rm3/sm3),Rs (sm3/sm3),Bw (rm3/sm3)
2010-01-01,25305.856,0.000000,0.000000,0.0000,1.3102,89.053803,1
2011-01-01,25271.382,3.256219,0.289979,0.0000,1.3104,89.053803,1
2012-01-01,25243.803,5.524808,0.492005,0.0000,1.3104,89.053803,1
2013-01-01,25181.750,12.489565,1.112243,0.0000,1.3105,89.053803,1
2014-01-01,25161.066,16.192220,1.441979,0.0000,1.3105,89.053803,1
2015-01-01,24995.592,34.290539,3.053703,0.0000,1.3109,89.053803,1
2016-01-01,24754.275,57.968835,5.162345,0.0000,1.3116,89.053803,1
2017-01-01,24492.274,86.327716,7.687811,25.2790,1.3122,89.053803,1
2018-01-01,24133.747,133.802277,11.915602,127.9848,1.3128,89.053803,1
2019-01-01,23671.798,202.475090,18.031177,410.0282,1.313,89.053803,1
2020-01-01,23065.060,268.988537,23.954452,796.2084,1.315,89.053803,1
2021-01-01,22479.005,338.178218,30.116057,1033.4174,1.316,89.053803,1
2022-01-01,21879.161,409.444750,36.462612,1271.8984,1.317,89.053803,1
