Date;Pressure (psia);Np (MSTB);Gp (MMscf);Wp (MSTB);Bo (RB/STB);Rs (scf/STB);Bw (RB/STB)
2010-01-01;3.685,0;0,000;0,0000;0,000;1,3102;500;1
2011-01-01;3.680,0;20,481;10,2405;0,000;1,3104;500;1
2012-01-01;3.676,0;34,750;17,3750;0,000;1,3104;500;1
2013-01-01;3.667,0;78,557;39,2785;0,000;1,3105;500;1
2014-01-01;3.664,0;101,846;50,9230;0,000;1,3105;500;1
2015-01-01;3.640,0;215,681;107,8405;0,000;1,3109;500;1
2016-01-01;3.605,0;364,613;182,3065;0,000;1,3116;500;1
2017-01-01;3.567,0;542,985;271,4925;0,159;1,3122;500;1
2018-01-01;3.515,0;841,591;420,7955;0,805;1,3128;500;1
2019-01-01;3.448,0;1.273,530;636,7650;2,579;1,3130;500;1
2020-01-01;3.360,0;1.691,887;845,9435;5,008;1,3150;500;1
2021-01-01;3.275,0;2.127,077;1.063,5385;6,500;1,3160;500;1
2022-01-01;3.188,0;2.575,330;1.287,6650;8,000;1,3170;500;1
