Date,Pressure (psia),Np (STB),Gp (scf),Wp (STB),Bo (RB/STB),Rs (scf/STB),Bw (RB/STB)
31/12/2009,3685,0,0,0,1.3102,500,1
31/12/2010,3680,20481,10240500,0,1.3104,500,1
31/12/2011,3676,34750,17375000,0,1.3104,500,1
31/12/2012,3667,78557,39278500,0,1.3105,500,1
31/12/2013,3664,101846,50923000,0,1.3105,500,1
31/12/2014,3640,215681,107840500,0,1.3109,500,1
31/12/2015,3605,364613,182306500,0,1.3116,500,1
31/12/2016,3567,542985,271492500,159,1.3122,500,1
31/12/2017,3515,841591,420795500,805,1.3128,500,1
31/12/2018,3448,1273530,636765000,2579,1.313,500,1
31/12/2019,3360,1691887,845943500,5008,1.315,500,1
31/12/2020,3275,2127077,1063538500,6500,1.316,500,1
31/12/2021,3188,2575330,1287665000,8000,1.317,500,1
