Date,Cum Gas Inj (MMscf),Cum Gas (MMscf),Cum Water Inj (MSTB),Cum Water (MSTB),Cum Oil (MSTB),Pressure (psia),Bo (RB/STB),Rs (scf/STB),Bw (RB/STB)
2010-01-01,0.0,0.0000,0.0,0.000,0.000,3685,1.3102,500,1
2011-01-01,12.5,10.2405,40.0,0.000,20.481,3680,1.3104,500,1
2012-01-01,25.0,17.3750,80.0,0.000,34.750,3676,1.3104,500,1
2013-01-01,37.5,39.2785,120.0,0.000,78.557,3667,1.3105,500,1
2014-01-01,50.0,50.9230,160.0,0.000,101.846,3664,1.3105,500,1
2015-01-01,62.5,107.8405,200.0,0.000,215.681,3640,1.3109,500,1
2016-01-01,75.0,182.3065,240.0,0.000,364.613,3605,1.3116,500,1
2017-01-01,87.5,271.4925,280.0,0.159,542.985,3567,1.3122,500,1
2018-01-01,100.0,420.7955,320.0,0.805,841.591,3515,1.3128,500,1
2019-01-01,112.5,636.7650,360.0,2.579,1273.530,3448,1.313,500,1
2020-01-01,125.0,845.9435,400.0,5.008,1691.887,3360,1.315,500,1
2021-01-01,137.5,1063.5385,440.0,6.500,2127.077,3275,1.316,500,1
2022-01-01,150.0,1287.6650,480.0,8.000,2575.330,3188,1.317,500,1
