Virginia Hills Beaverhill Lake,,,,,,,
Static pressure surveys and cumulative production,,,,,,,

Date,Pressure (psia),Np (STB),Gp (scf),Wp (STB),Bo (RB/STB),Rs (scf/STB),Bw (RB/STB)
2010-01-01,3685,0,0,0,1.3102,500,1
2011-01-01,3680,20481,10240500,0,1.3104,500,1
2012-01-01,3676,34750,17375000,0,1.3104,500,1
2013-01-01,3667,78557,39278500,0,1.3105,500,1
2014-01-01,3664,101846,50923000,0,1.3105,500,1
2015-01-01,3640,215681,107840500,0,1.3109,500,1
# gauge changed after this survey
Date,Pressure (psia),Np (STB),Gp (scf),Wp (STB),Bo (RB/STB),Rs (scf/STB),Bw (RB/STB)
2015-07-01,,300000,150000000,0,1.3112,500,1
2016-01-01,3605,364613,182306500,0,1.3116,500,1
2017-01-01,3567,542985,271492500,159,1.3122,500,1
2018-01-01,3515,841591,420795500,805,1.3128,500,1
2019-01-01,3448,1273530,636765000,2579,1.313,500,1
2020-01-01,3360,1691887,845943500,5008,1.315,500,1
2021-01-01,3275,2127077,1063538500,6500,1.316,500,1
2022-01-01,3188,2575330,1287665000,8000,1.317,500,1
Total,,2575330,1287665000,8000,,,
