Date,Pressure (psia),Np (STB),Gp (scf),Wp (STB)
2000-01-01,3685.0,0,0,0
2000-02-01,3682.9,9023,4691700,0
2000-03-01,3680.8,18090,9406800,2
2000-04-01,3678.7,27203,14145300,4
2000-05-01,3676.6,36360,18907200,6
2000-06-01,3674.5,45563,23692500,10
2000-07-01,3672.4,54810,28501200,14
2000-08-01,3670.3,64103,33333300,20
2000-09-01,3668.2,73440,38188800,26
2000-10-01,3666.1,82823,43067700,32
2000-11-01,3664.0,92250,47970000,40
2000-12-01,3661.9,101723,52895700,48
2001-01-01,3659.8,111240,57844800,58
2001-02-01,3657.7,120803,62817300,68
2001-03-01,3655.6,130410,67813200,78
2001-04-01,3653.5,140063,72832500,90
2001-05-01,3651.4,149760,77875200,102
2001-06-01,3649.3,159503,82941300,116
2001-07-01,3647.2,169290,88030800,130
2001-08-01,3645.1,179123,93143700,144
2001-09-01,3643.0,189000,98280000,160
2001-10-01,3640.9,198923,103439700,176
2001-11-01,3638.8,208890,108622800,194
2001-12-01,3636.7,218903,113829300,212
2002-01-01,3634.6,228960,119059200,230
2002-02-01,3632.5,239063,124312500,250
2002-03-01,3630.4,249210,129589200,270
2002-04-01,3628.3,259402,134889300,292
2002-05-01,3626.2,269640,140212800,314
2002-06-01,3624.1,279923,145559700,336
2002-07-01,3622.0,290250,150930000,360
2002-08-01,3619.9,300623,156323700,384
2002-09-01,3617.8,311040,161740800,410
2002-10-01,3615.7,321503,167181300,436
2002-11-01,3613.6,332010,172645200,462
2002-12-01,3611.5,342563,178132500,490
2003-01-01,3609.4,353160,183643200,518
2003-02-01,3607.3,363803,189177300,548
2003-03-01,3605.2,374490,194734800,578
2003-04-01,3603.1,385223,200315700,608
2003-05-01,3601.0,396000,205920000,640
2003-06-01,3598.9,406823,211547700,672
2003-07-01,3596.8,417690,217198800,706
2003-08-01,3594.7,428603,222873300,740
2003-09-01,3592.6,439560,228571200,774
2003-10-01,3590.5,450563,234292500,810
2003-11-01,3588.4,461610,240037200,846
2003-12-01,3586.3,472703,245805300,884
2004-01-01,3584.2,483840,251596800,922
2004-02-01,3582.1,495023,257411700,960
2004-03-01,3580.0,506250,263250000,1000
2004-04-01,3577.9,517523,269111700,1040
2004-05-01,3575.8,528840,274996800,1082
2004-06-01,3573.7,540203,280905300,1124
2004-07-01,3571.6,551610,286837200,1166
2004-08-01,3569.5,563063,292792500,1210
2004-09-01,3567.4,574560,298771200,1254
2004-10-01,3565.3,586103,304773300,1300
2004-11-01,3563.2,597690,310798800,1346
2004-12-01,3561.1,609323,316847700,1392
2005-01-01,3559.0,621000,322920000,1440
2005-02-01,3556.9,632723,329015700,1488
2005-03-01,3554.8,644490,335134800,1538
2005-04-01,3552.7,656303,341277300,1588
2005-05-01,3550.6,668160,347443200,1638
2005-06-01,3548.5,680063,353632500,1690
2005-07-01,3546.4,692010,359845200,1742
2005-08-01,3544.3,704003,366081300,1796
2005-09-01,3542.2,716040,372340800,1850
2005-10-01,3540.1,728122,378623700,1904
2005-11-01,3538.0,740250,384930000,1960
2005-12-01,3535.9,752423,391259700,2016
2006-01-01,3533.8,764640,397612800,2074
2006-02-01,3531.7,776903,403989300,2132
2006-03-01,3529.6,789210,410389200,2190
2006-04-01,3527.5,801563,416812500,2250
2006-05-01,3525.4,813960,423259200,2310
2006-06-01,3523.3,826402,429729300,2372
2006-07-01,3521.2,838890,436222800,2434
2006-08-01,3519.1,851423,442739700,2496
2006-09-01,3517.0,864000,449280000,2560
2006-10-01,3514.9,876623,455843700,2624
2006-11-01,3512.8,889290,462430800,2690
2006-12-01,3510.7,902003,469041300,2756
2007-01-01,3508.6,914760,475675200,2822
2007-02-01,3506.5,927562,482332500,2890
2007-03-01,3504.4,940410,489013200,2958
2007-04-01,3502.3,953303,495717300,3028
2007-05-01,3500.2,966240,502444800,3098
2007-06-01,3498.1,979222,509195700,3168
2007-07-01,3496.0,992250,515970000,3240
2007-08-01,3493.9,1005323,522767700,3312
2007-09-01,3491.8,1018440,529588800,3386
2007-10-01,3489.7,1031602,536433300,3460
2007-11-01,3487.6,1044810,543301200,3534
2007-12-01,3485.5,1058063,550192500,3610
2008-01-01,3483.4,1071360,557107200,3686
2008-02-01,3481.3,1084703,564045300,3764
2008-03-01,3479.2,1098090,571006800,3842
2008-04-01,3477.1,1111523,577991700,3920
2008-05-01,3475.0,1125000,585000000,4000
2008-06-01,3472.9,1138523,592031700,4080
2008-07-01,3470.8,1152090,599086800,4162
2008-08-01,3468.7,1165703,606165300,4244
2008-09-01,3466.6,1179360,613267200,4326
2008-10-01,3464.5,1193063,620392500,4410
2008-11-01,3462.4,1206810,627541200,4494
2008-12-01,3460.3,1220603,634713300,4580
2009-01-01,3458.2,1234440,641908800,4666
2009-02-01,3456.1,1248323,649127700,4752
2009-03-01,3454.0,1262250,656370000,4840
2009-04-01,3451.9,1276223,663635700,4928
2009-05-01,3449.8,1290240,670924800,5018
2009-06-01,3447.7,1304303,678237300,5108
2009-07-01,3445.6,1318410,685573200,5198
2009-08-01,3443.5,1332563,692932500,5290
2009-09-01,3441.4,1346760,700315200,5382
2009-10-01,3439.3,1361003,707721300,5476
2009-11-01,3437.2,1375290,715150800,5570
2009-12-01,3435.1,1389622,722603700,5664
2010-01-01,3433.0,1404000,730080000,5760
2010-02-01,3430.9,1418423,737579700,5856
2010-03-01,3428.8,1432890,745102800,5954
2010-04-01,3426.7,1447403,752649300,6052
2010-05-01,3424.6,1461960,760219200,6150
2010-06-01,3422.5,1476563,767812500,6250
2010-07-01,3420.4,1491210,775429200,6350
2010-08-01,3418.3,1505902,783069300,6452
2010-09-01,3416.2,1520640,790732800,6554
2010-10-01,3414.1,1535423,798419700,6656
2010-11-01,3412.0,1550250,806130000,6760
2010-12-01,3409.9,1565123,813863700,6864
2011-01-01,3407.8,1580040,821620800,6970
2011-02-01,3405.7,1595003,829401300,7076
2011-03-01,3403.6,1610010,837205200,7182
2011-04-01,3401.5,1625063,845032500,7290
2011-05-01,3399.4,1640160,852883200,7398
2011-06-01,3397.3,1655303,860757300,7508
2011-07-01,3395.2,1670490,868654800,7618
2011-08-01,3393.1,1685723,876575700,7728
2011-09-01,3391.0,1701000,884520000,7840
2011-10-01,3388.9,1716323,892487700,7952
2011-11-01,3386.8,1731690,900478800,8066
2011-12-01,3384.7,1747103,908493300,8180
2012-01-01,3382.6,1762560,916531200,8294
2012-02-01,3380.5,1778063,924592500,8410
2012-03-01,3378.4,1793610,932677200,8526
2012-04-01,3376.3,1809203,940785300,8644
2012-05-01,3374.2,1824840,948916800,8762
2012-06-01,3372.1,1840523,957071700,8880
2012-07-01,3370.0,1856250,965250000,9000
2012-08-01,3367.9,1872023,973451700,9120
2012-09-01,3365.8,1887840,981676800,9242
2012-10-01,3363.7,1903703,989925300,9364
2012-11-01,3361.6,1919610,998197200,9486
2012-12-01,3359.5,1935563,1006492500,9610
2013-01-01,3357.4,1951560,1014811200,9734
2013-02-01,3355.3,1967603,1023153300,9860
2013-03-01,3353.2,1983690,1031518800,9986
2013-04-01,3351.1,1999823,1039907700,10112
2013-05-01,3349.0,2016000,1048320000,10240
2013-06-01,3346.9,2032223,1056755700,10368
2013-07-01,3344.8,2048490,1065214800,10498
2013-08-01,3342.7,2064803,1073697300,10628
2013-09-01,3340.6,2081160,1082203200,10758
2013-10-01,3338.5,2097563,1090732500,10890
2013-11-01,3336.4,2114010,1099285200,11022
2013-12-01,3334.3,2130503,1107861300,11156
2014-01-01,3332.2,2147040,1116460800,11290
2014-02-01,3330.1,2163623,1125083700,11424
2014-03-01,3328.0,2180250,1133730000,11560
2014-04-01,3325.9,2196923,1142399700,11696
2014-05-01,3323.8,2213640,1151092800,11834
2014-06-01,3321.7,2230403,1159809300,11972
2014-07-01,3319.6,2247210,1168549200,12110
2014-08-01,3317.5,2264063,1177312500,12250
2014-09-01,3315.4,2280960,1186099200,12390
2014-10-01,3313.3,2297903,1194909300,12532
2014-11-01,3311.2,2314890,1203742800,12674
2014-12-01,3309.1,2331923,1212599700,12816
2015-01-01,3307.0,2349000,1221480000,12960
2015-02-01,3304.9,2366123,1230383700,13104
2015-03-01,3302.8,2383290,1239310800,13250
2015-04-01,3300.7,2400503,1248261300,13396
2015-05-01,3298.6,2417760,1257235200,13542
2015-06-01,3296.5,2435063,1266232500,13690
2015-07-01,3294.4,2452410,1275253200,13838
2015-08-01,3292.3,2469803,1284297300,13988
2015-09-01,3290.2,2487240,1293364800,14138
2015-10-01,3288.1,2504723,1302455700,14288
2015-11-01,3286.0,2522250,1311570000,14440
2015-12-01,3283.9,2539823,1320707700,14592
2016-01-01,3281.8,2557440,1329868800,14746
2016-02-01,3279.7,2575103,1339053300,14900
2016-03-01,3277.6,2592810,1348261200,15054
2016-04-01,3275.5,2610563,1357492500,15210
2016-05-01,3273.4,2628360,1366747200,15366
2016-06-01,3271.3,2646203,1376025300,15524
2016-07-01,3269.2,2664090,1385326800,15682
2016-08-01,3267.1,2682023,1394651700,15840
2016-09-01,3265.0,2700000,1404000000,16000
2016-10-01,3262.9,2718023,1413371700,16160
2016-11-01,3260.8,2736090,1422766800,16322
2016-12-01,3258.7,2754202,1432185300,16484
2017-01-01,3256.6,2772360,1441627200,16646
2017-02-01,3254.5,2790563,1451092500,16810
2017-03-01,3252.4,2808810,1460581200,16974
2017-04-01,3250.3,2827103,1470093300,17140
2017-05-01,3248.2,2845440,1479628800,17306
2017-06-01,3246.1,2863823,1489187700,17472
2017-07-01,3244.0,2882250,1498770000,17640
2017-08-01,3241.9,2900722,1508375700,17808
2017-09-01,3239.8,2919240,1518004800,17978
2017-10-01,3237.7,2937803,1527657300,18148
2017-11-01,3235.6,2956410,1537333200,18318
2017-12-01,3233.5,2975063,1547032500,18490
2018-01-01,3231.4,2993760,1556755200,18662
2018-02-01,3229.3,3012503,1566501300,18836
2018-03-01,3227.2,3031290,1576270800,19010
2018-04-01,3225.1,3050122,1586063700,19184
2018-05-01,3223.0,3069000,1595880000,19360
2018-06-01,3220.9,3087923,1605719700,19536
2018-07-01,3218.8,3106890,1615582800,19714
2018-08-01,3216.7,3125903,1625469300,19892
2018-09-01,3214.6,3144960,1635379200,20070
2018-10-01,3212.5,3164063,1645312500,20250
2018-11-01,3210.4,3183210,1655269200,20430
2018-12-01,3208.3,3202403,1665249300,20612
2019-01-01,3206.2,3221640,1675252800,20794
2019-02-01,3204.1,3240923,1685279700,20976
2019-03-01,3202.0,3260250,1695330000,21160
2019-04-01,3199.9,3279623,1705403700,21344
2019-05-01,3197.8,3299040,1715500800,21530
2019-06-01,3195.7,3318503,1725621300,21716
2019-07-01,3193.6,3338010,1735765200,21902
2019-08-01,3191.5,3357563,1745932500,22090
2019-09-01,3189.4,3377160,1756123200,22278
2019-10-01,3187.3,3396803,1766337300,22468
2019-11-01,3185.2,3416490,1776574800,22658
2019-12-01,3183.1,3436223,1786835700,22848
2020-01-01,3181.0,3456000,1797120000,23040
