Date;Well;Oil rate (STB/d);Water rate (bbl/d);Gas rate (Mscf/d);Injection rate (bbl/d);Injection pressure (psi)
01/01/2025;INJ-1;;;;1000,5;2000,25
01/01/2025;INJ-2;;;;800,25;1500,5
01/01/2025;PROD-1;900,5;100,25;450,75;;
01/01/2025;PROD-2;700,75;50,5;350,25;;
02/01/2025;INJ-1;;;;1010,5;2025,25
02/01/2025;INJ-2;;;;805,25;1504,5
02/01/2025;PROD-1;892,5;109,25;446,75;;
02/01/2025;PROD-2;695,75;56,5;348,25;;
03/01/2025;INJ-1;;;;1020,5;2050,25
03/01/2025;INJ-2;;;;810,25;1508,5
03/01/2025;PROD-1;884,5;118,25;442,75;;
03/01/2025;PROD-2;690,75;62,5;346,25;;
04/01/2025;INJ-1;;;;1030,5;2075,25
04/01/2025;INJ-2;;;;815,25;1512,5
04/01/2025;PROD-1;876,5;127,25;438,75;;
04/01/2025;PROD-2;685,75;68,5;344,25;;
05/01/2025;INJ-1;;;;1040,5;2100,25
05/01/2025;INJ-2;;;;820,25;1516,5
05/01/2025;PROD-1;868,5;136,25;434,75;;
05/01/2025;PROD-2;680,75;74,5;342,25;;
06/01/2025;INJ-1;;;;1050,5;2125,25
06/01/2025;INJ-2;;;;825,25;1520,5
06/01/2025;PROD-1;860,5;145,25;430,75;;
06/01/2025;PROD-2;675,75;80,5;340,25;;
07/01/2025;INJ-1;;;;1060,5;2150,25
07/01/2025;INJ-2;;;;830,25;1524,5
07/01/2025;PROD-1;852,5;154,25;426,75;;
07/01/2025;PROD-2;670,75;86,5;338,25;;
08/01/2025;INJ-1;;;;1070,5;2175,25
08/01/2025;INJ-2;;;;835,25;1528,5
08/01/2025;PROD-1;844,5;163,25;422,75;;
08/01/2025;PROD-2;665,75;92,5;336,25;;
09/01/2025;INJ-1;;;;1080,5;2200,25
09/01/2025;INJ-2;;;;840,25;1532,5
09/01/2025;PROD-1;836,5;172,25;418,75;;
09/01/2025;PROD-2;660,75;98,5;334,25;;
10/01/2025;INJ-1;;;;1090,5;2225,25
10/01/2025;INJ-2;;;;845,25;1536,5
10/01/2025;PROD-1;828,5;181,25;414,75;;
10/01/2025;PROD-2;655,75;104,5;332,25;;
11/01/2025;INJ-1;;;;1100,5;2250,25
11/01/2025;INJ-2;;;;850,25;1540,5
11/01/2025;PROD-1;820,5;190,25;410,75;;
11/01/2025;PROD-2;650,75;110,5;330,25;;
12/01/2025;INJ-1;;;;1110,5;2275,25
12/01/2025;INJ-2;;;;855,25;1544,5
12/01/2025;PROD-1;812,5;199,25;406,75;;
12/01/2025;PROD-2;645,75;116,5;328,25;;
13/01/2025;INJ-1;;;;1120,5;2300,25
13/01/2025;INJ-2;;;;860,25;1548,5
13/01/2025;PROD-1;804,5;208,25;402,75;;
13/01/2025;PROD-2;640,75;122,5;326,25;;
14/01/2025;INJ-1;;;;1130,5;2325,25
14/01/2025;INJ-2;;;;865,25;1552,5
14/01/2025;PROD-1;796,5;217,25;398,75;;
14/01/2025;PROD-2;635,75;128,5;324,25;;
15/01/2025;INJ-1;;;;1140,5;2350,25
15/01/2025;INJ-2;;;;870,25;1556,5
15/01/2025;PROD-1;788,5;226,25;394,75;;
15/01/2025;PROD-2;630,75;134,5;322,25;;
16/01/2025;INJ-1;;;;1150,5;2375,25
16/01/2025;INJ-2;;;;875,25;1560,5
16/01/2025;PROD-1;780,5;235,25;390,75;;
16/01/2025;PROD-2;625,75;140,5;320,25;;
17/01/2025;INJ-1;;;;1160,5;2400,25
17/01/2025;INJ-2;;;;880,25;1564,5
17/01/2025;PROD-1;772,5;244,25;386,75;;
17/01/2025;PROD-2;620,75;146,5;318,25;;
18/01/2025;INJ-1;;;;1170,5;2425,25
18/01/2025;INJ-2;;;;885,25;1568,5
18/01/2025;PROD-1;764,5;253,25;382,75;;
18/01/2025;PROD-2;615,75;152,5;316,25;;
19/01/2025;INJ-1;;;;1180,5;2450,25
19/01/2025;INJ-2;;;;890,25;1572,5
19/01/2025;PROD-1;756,5;262,25;378,75;;
19/01/2025;PROD-2;610,75;158,5;314,25;;
20/01/2025;INJ-1;;;;1190,5;2475,25
20/01/2025;INJ-2;;;;895,25;1576,5
20/01/2025;PROD-1;748,5;271,25;374,75;;
20/01/2025;PROD-2;605,75;164,5;312,25;;
