Comment,whp_psi,inj_bbl,Well Name,Choke (64ths),gas_mcf,water_bbl,oil_bbl,Production Date
,2000.25,1000.5,INJ-1,32,,,,01/01/2025
,1500.5,800.25,INJ-2,32,,,,01/01/2025
"note, with comma",,,PROD-1,32,450.75,100.25,900.5,01/01/2025
,,,PROD-2,32,350.25,50.5,700.75,01/01/2025
,2025.25,1010.5,INJ-1,32,,,,01/02/2025
,1504.5,805.25,INJ-2,32,,,,01/02/2025
"note, with comma",,,PROD-1,32,446.75,109.25,892.5,01/02/2025
,,,PROD-2,32,348.25,56.5,695.75,01/02/2025
,2050.25,1020.5,INJ-1,32,,,,01/03/2025
,1508.5,810.25,INJ-2,32,,,,01/03/2025
"note, with comma",,,PROD-1,32,442.75,118.25,884.5,01/03/2025
,,,PROD-2,32,346.25,62.5,690.75,01/03/2025
,2075.25,1030.5,INJ-1,32,,,,01/04/2025
,1512.5,815.25,INJ-2,32,,,,01/04/2025
"note, with comma",,,PROD-1,32,438.75,127.25,876.5,01/04/2025
,,,PROD-2,32,344.25,68.5,685.75,01/04/2025
,2100.25,1040.5,INJ-1,32,,,,01/05/2025
,1516.5,820.25,INJ-2,32,,,,01/05/2025
"note, with comma",,,PROD-1,32,434.75,136.25,868.5,01/05/2025
,,,PROD-2,32,342.25,74.5,680.75,01/05/2025
,2125.25,1050.5,INJ-1,32,,,,01/06/2025
,1520.5,825.25,INJ-2,32,,,,01/06/2025
"note, with comma",,,PROD-1,32,430.75,145.25,860.5,01/06/2025
,,,PROD-2,32,340.25,80.5,675.75,01/06/2025
,2150.25,1060.5,INJ-1,32,,,,01/07/2025
,1524.5,830.25,INJ-2,32,,,,01/07/2025
"note, with comma",,,PROD-1,32,426.75,154.25,852.5,01/07/2025
,,,PROD-2,32,338.25,86.5,670.75,01/07/2025
,2175.25,1070.5,INJ-1,32,,,,01/08/2025
,1528.5,835.25,INJ-2,32,,,,01/08/2025
"note, with comma",,,PROD-1,32,422.75,163.25,844.5,01/08/2025
,,,PROD-2,32,336.25,92.5,665.75,01/08/2025
,2200.25,1080.5,INJ-1,32,,,,01/09/2025
,1532.5,840.25,INJ-2,32,,,,01/09/2025
"note, with comma",,,PROD-1,32,418.75,172.25,836.5,01/09/2025
,,,PROD-2,32,334.25,98.5,660.75,01/09/2025
,2225.25,1090.5,INJ-1,32,,,,01/10/2025
,1536.5,845.25,INJ-2,32,,,,01/10/2025
"note, with comma",,,PROD-1,32,414.75,181.25,828.5,01/10/2025
,,,PROD-2,32,332.25,104.5,655.75,01/10/2025
,2250.25,1100.5,INJ-1,32,,,,01/11/2025
,1540.5,850.25,INJ-2,32,,,,01/11/2025
"note, with comma",,,PROD-1,32,410.75,190.25,820.5,01/11/2025
,,,PROD-2,32,330.25,110.5,650.75,01/11/2025
,2275.25,1110.5,INJ-1,32,,,,01/12/2025
,1544.5,855.25,INJ-2,32,,,,01/12/2025
"note, with comma",,,PROD-1,32,406.75,199.25,812.5,01/12/2025
,,,PROD-2,32,328.25,116.5,645.75,01/12/2025
,2300.25,1120.5,INJ-1,32,,,,01/13/2025
,1548.5,860.25,INJ-2,32,,,,01/13/2025
"note, with comma",,,PROD-1,32,402.75,208.25,804.5,01/13/2025
,,,PROD-2,32,326.25,122.5,640.75,01/13/2025
,2325.25,1130.5,INJ-1,32,,,,01/14/2025
,1552.5,865.25,INJ-2,32,,,,01/14/2025
"note, with comma",,,PROD-1,32,398.75,217.25,796.5,01/14/2025
,,,PROD-2,32,324.25,128.5,635.75,01/14/2025
,2350.25,1140.5,INJ-1,32,,,,01/15/2025
,1556.5,870.25,INJ-2,32,,,,01/15/2025
"note, with comma",,,PROD-1,32,394.75,226.25,788.5,01/15/2025
,,,PROD-2,32,322.25,134.5,630.75,01/15/2025
,2375.25,1150.5,INJ-1,32,,,,01/16/2025
,1560.5,875.25,INJ-2,32,,,,01/16/2025
"note, with comma",,,PROD-1,32,390.75,235.25,780.5,01/16/2025
,,,PROD-2,32,320.25,140.5,625.75,01/16/2025
,2400.25,1160.5,INJ-1,32,,,,01/17/2025
,1564.5,880.25,INJ-2,32,,,,01/17/2025
"note, with comma",,,PROD-1,32,386.75,244.25,772.5,01/17/2025
,,,PROD-2,32,318.25,146.5,620.75,01/17/2025
,2425.25,1170.5,INJ-1,32,,,,01/18/2025
,1568.5,885.25,INJ-2,32,,,,01/18/2025
"note, with comma",,,PROD-1,32,382.75,253.25,764.5,01/18/2025
,,,PROD-2,32,316.25,152.5,615.75,01/18/2025
,2450.25,1180.5,INJ-1,32,,,,01/19/2025
,1572.5,890.25,INJ-2,32,,,,01/19/2025
"note, with comma",,,PROD-1,32,378.75,262.25,756.5,01/19/2025
,,,PROD-2,32,314.25,158.5,610.75,01/19/2025
,2475.25,1190.5,INJ-1,32,,,,01/20/2025
,1576.5,895.25,INJ-2,32,,,,01/20/2025
"note, with comma",,,PROD-1,32,374.75,271.25,748.5,01/20/2025
,,,PROD-2,32,312.25,164.5,605.75,01/20/2025
