date,oil_rate_bopd
2021-01-01,800.000000
2021-02-01,713.118174
2021-03-01,651.175949
2021-04-01,595.441603
2021-05-01,550.935474
2021-06-01,512.253219
2021-07-01,480.283273
2021-08-01,451.697214
2021-09-01,426.743733
2021-10-01,405.417621
2021-11-01,385.794358
2021-12-01,368.764555
2022-01-01,352.882152
2022-02-01,338.489710
2022-03-01,326.597117
2022-04-01,314.497787
2022-05-01,303.726575
2022-06-01,293.448614
2022-07-01,284.232697
2022-08-01,275.380707
2022-09-01,267.138131
2022-10-01,259.682081
2022-11-01,252.462219
2022-12-01,245.899955
2023-01-01,239.517239
2023-02-01,233.503140
2023-03-01,228.360967
2023-04-01,222.962393
2023-05-01,218.009366
2023-06-01,213.149418
2023-07-01,208.677012
2023-08-01,204.276077
2023-09-01,200.082922
2023-10-01,196.208765
2023-11-01,192.382143
2023-12-01,188.838472
